{
  "North-South Line": 2557716.112903205,
  "East-West Line": 2247680.5806451547,
  "Changi Airport Branch Line": 62714.35483870968,
  "North East Line": 1507847.9838709624,
  "Circle Line": 1308316.5967741956,
  "Circle Line Extension": 23545.290322580644,
  "Downtown Line": 1596241.0483870911,
  "Bukit Panjang LRT": 148023.8064516119,
  "Sengkang LRT": 184262.69354838756,
  "Punggol LRT": 185821.09677419346,
  "Thomson-East Coast Line": 121254.22580645121
}