{
  "North-South Line": 1285060.6774193537,
  "East-West Line": 1281233.574193547,
  "Changi Airport Branch Line": 37580.47096774191,
  "North East Line": 838880.9935483943,
  "Circle Line": 703932.3290322655,
  "Circle Line Extension": 15319.183870967741,
  "Downtown Line": 889539.3612903295,
  "Bukit Panjang LRT": 77810.98387096733,
  "Sengkang LRT": 99278.87741935492,
  "Punggol LRT": 102188.0548387097,
  "Thomson-East Coast Line": 63505.85161290322
}