{
  "North-South Line": 10331640.290322581,
  "East-West Line": 10666067.548387114,
  "Changi Airport Branch Line": 62714.35483870968,
  "North East Line": 6301528.596774155,
  "Circle Line": 5530484.693548372,
  "Circle Line Extension": 23545.290322580644,
  "Downtown Line": 6472119.048387103,
  "Bukit Panjang LRT": 575003.5967741939,
  "Sengkang LRT": 449261.46774193505,
  "Punggol LRT": 459754.46774193516,
  "Thomson-East Coast Line": 515102.9032258059
}