{
  "North-South Line": 5438132.406451595,
  "East-West Line": 6049620.093548375,
  "Changi Airport Branch Line": 37580.47096774191,
  "North East Line": 3477567.9580645063,
  "Circle Line": 2946058.3193548545,
  "Circle Line Extension": 15319.183870967741,
  "Downtown Line": 3603997.848387104,
  "Bukit Panjang LRT": 303828.29354838876,
  "Sengkang LRT": 243502.45161290327,
  "Punggol LRT": 255251.25161290343,
  "Thomson-East Coast Line": 261366.4064516127
}